8011,"Cox Bay",28.6268101,-96.5303102
96373,"Makenzie Beach",44.7559354,-79.7783829
8009,Wickaninnish,48.5555418,-124.4037361
8008,"Long Beach",33.7700504,-118.1937395
8007,"Rosie's Bay",52.2645655,-6.3813979
25050,"Fossil Beach",-40.9801886,145.7303431
53807,"Kodiak, Alaska",57.79,-152.4072222
25052,"Cannon Beach",45.8917738,-123.9615274
25053,"The Wall",44.5866666,-109.6161111
5068,"La Push",47.9081335,-124.6352255
5067,"Westport/Olympic Peninsula",41.1414717,-73.3579049
5066,"Long Beach Peninsula",33.7494289,-118.1232403
5077,"Cannon Beach",45.8917738,-123.9615274
5076,Rockaway-Manzanita,37.5863838,-122.4815059
5075,"Pacific City",45.2023263,-123.9628946
4186,"Roads End",39.214796,-83.5703
5074,"Lincoln City",44.9581644,-124.0178914
5073,Newport,41.4901024,-71.3128285
5072,"Florence South Jetty",43.9550499,-124.1130378
5071,"Port Orford",42.7456644,-124.4973267
5070,"Gold Beach South Jetty",42.4199661,-124.4239731
5069,"Brookings Jetty",42.4199661,-124.4239731
47668,"Oceanside, OR",45.4609359,-123.9679079
5088,"South Beach",27.5897323,-80.3331127
5087,"Patricks Point",41.12361,-124.15556
5086,Westhaven,-36.8353633,174.743096
5085,"North Jetty",50.8808582,4.3227894
5083,"Shelter Cove",40.0304212,-124.0730866
39047,"SE Papa",47.3260464,17.4697834
5542,Westport,41.1414717,-73.3579049
5543,MacKerricher,39.5063559,-123.7830914
95156,"Caspar Beach",39.3610437,-123.8170529
5544,"Mendocino Township",42.3848719,-87.9920512
5545,"Point Arena",38.908798,-123.6930726
5098,"Black Point Beach",38.6863012,-123.4325089
5096,"Salmon Creek",45.7106718,-122.6489869
5095,"Doran Beach",38.3135282,-123.0397237
64347,"Dillon Beach",38.2507515,-122.9652768
5093,"Point Reyes (north)",33.2480578,-117.3232823
5091,"Bolinas Jetty",37.9093702,-122.6863733
5090,"Stinson Beach",37.9004816,-122.6444263
5015,"Fort Point",42.348506,-71.050364
4127,"Ocean Beach, SF",37.7593921,-122.510734
4128,"South Ocean Beach",46.3440207,-124.0564424
5017,"Sharp Park",37.6322976,-122.4863492
5014,Rockaway,40.592658,-73.7977928
5012,"Pedro Point",37.593546,-122.507571
5011,Montara,37.5421617,-122.5160892
4152,Maverick's,29.3507505,-95.0258023
5008,"Princeton Jetty",33.49854,-86.84633
5007,"Half Moon Bay",37.4635519,-122.4285862
5005,"Tunitas Creek",37.357188,-122.3971302
5018,Pescadero,37.2551636,-122.3830152
5019,"Pigeon Point",37.0532792,-121.4938275
5020,"Ano Nuevo",25.9748922,-100.4706258
5021,"Waddell Creek",37.1044587,-122.2742966
5022,"Scott Creek",33.2093449,-96.925782
5024,Davenport,41.5236437,-90.5776367
5023,"Four Mile",54.2506808,-6.3251939
5027,"Natural Bridges",45.9599847,-121.6589016
5028,"Mitchell's Cove",45.009506,-62.0307724
4188,"Steamer Lane",36.9538399,-122.0241292
4189,Cowells,61.5165805,-149.9310805
5031,"The Harbor",33.779981,-118.287743
5030,"26th Ave",46.9059448,-101.0070866
4190,"Pleasure Point",36.9577286,-121.9688491
4191,"38th Ave.",38.9458898,-76.9567075
10763,Capitola,36.9752283,-121.953293
5036,Manresa,41.7292826,1.8225154
108024,"The Hook",51.280906,-0.963043
6063,"Moss Landing",36.8044003,-121.7868953
4957,"Marina State Beach",36.6894274,-121.8103532
6008,"Lover's Point",46.2166321,-94.6258475
6006,Boneyard,37.7914991,-120.1799797
6009,Asilomar,37.4227101,-122.0878943
6007,"Mole Point",43.2562595,6.5320349
6059,"Ghost Tree",44.1851991,-121.1741639
6003,"Carmel Beach",36.5502388,-121.9291215
6005,"Big Sur Rivermouth",36.2704212,-121.807976
6002,"Sand Dollar Beach",35.9232476,-121.4686936
6010,"Willow Creek",39.547372,-106.3566719
5053,"Pico Creek",31.3827517,-81.5373155
5051,"San Simeon",35.6438587,-121.1907533
5054,Moonstone,42.5313462,-107.5181248
5055,"Santa Rosa Creek",-11.9761987,-76.9916806
5057,"Cayucos Pier",35.4427511,-120.8921254
4193,"Morro Bay",35.3659445,-120.8499924
5060,"Cable Landing",-41.2912927,174.7818004
5064,"Avila Beach",35.1800113,-120.7319127
66211,"Shell Beach",29.8532611,-89.6795032
5065,"Pismo Beach Pier",35.1382871,-120.6447315
5043,"Surf Beach",-35.7584157,150.2100602
5038,Jalama,41.8096401,48.5133237
5039,"Point Conception",34.4485977,-120.4715514
4991,Refugio,28.3052838,-97.2752704
4993,"El Capitan",37.734189,-119.6374361
4994,Sands,46.4297856,-87.431995
4995,"Coal Oil Point",34.4072179,-119.878194
4997,"Campus Point",34.4044408,-119.844027
4990,Leadbetter,44.1044061,-70.2063757
4998,Sandspit,53.243025,-131.820879
4999,Hammond's,35.441983,-84.6195864
5001,"Carpinteria State Beach",34.3926449,-119.5216464
5000,Tarpits,34.0638031,-118.3554151
4197,Rincon,18.3402164,-67.2500174
4961,"Oil Piers",34.3508494,-119.4251351
4960,Stanley's,-38.3739888,145.0787414
4981,"Pitas Point",34.3194427,-119.3884494
49737,Mondos,45.023778,0.719166
4989,Solimar,41.1317717,1.3065117
4988,"Summer Beach",30.5851112,-81.4456975
4980,"Emma Wood",37.4229138,-122.0872674
4982,"Ventura Overhead",34.274646,-119.2290316
89981,"Ventura Point",32.7703271,-117.24337
4200,"C Street",37.3953533,-94.0891481
4201,"Ventura Harbor",34.2643043,-119.269869
4968,Oxnard,34.1975048,-119.1770516
4203,"County Line",45.9455861,-102.2731002
4953,"Leo Carrillo",32.4647482,-116.9761751
4949,Zuma,41.5509339,-90.2713944
4947,"Point Dume",34.0016746,-118.8068986
4944,"Latigo Point",32.3094362,-111.0054761
4209,Malibu,34.0259216,-118.7797571
4210,Topanga,34.0919452,-118.6021321
4940,"Chart House",51.1319371,1.2148581
4883,"Sunset Blvd",34.0078342,-81.1424667
4886,"Santa Monica Pier",34.0093515,-118.4974682
4211,"Venice Beach",33.9962144,-118.4688776
4895,"Dockweiler State Beach",33.9422601,-118.4424214
4900,"El Porto",33.9033823,-118.4191242
4901,"Manhattan Beach",33.8847361,-118.4109089
4902,"Hermosa Beach",33.8622366,-118.3995194
4912,"Redondo Breakwater",33.843486,-118.388207
4910,"Torrance Beach/Haggerty's",33.8358492,-118.3406288
4936,"PV Cove",8.4985684,76.935145
4935,"Lunada Bay",33.7697542,-118.426533
4931,"Cabrillo Beach",33.7114369,-118.2836267
4217,"Seal Beach",33.7414064,-118.1047866
4865,"South Side/13th Street",43.0319881,-91.1321633
4867,Surfside,25.8784284,-80.1256007
4219,"Anderson Street",34.5152428,-82.5115162
4868,"Bolsa Chica State Beach",33.6954737,-118.0487376
4870,Goldenwest,33.7206208,-118.0025061
4871,"17th Street",32.7515261,-99.8956013
103681,"Huntington State Beach",33.5153662,-79.0598358
4875,"Santa Ana River Jetties",33.7654156,-117.9006784
43103,"West Newport",51.584151,-2.997664
4876,"54th/56th St. Newport",41.4901024,-71.3128285
4225,"40 St. Newport",44.6092046,-124.0500267
4226,"36th St. Newport",44.663086,-124.0506571
53412,Blackies,34.4335445,-110.0724187
4227,"Newport Pier",33.6069147,-117.9298606
4877,"Newport Point",36.8966694,-76.2850033
4232,"The Wedge",33.5925225,-117.8822792
4879,"Corona del Mar",33.5978595,-117.8730142
46525,"Crystal Cove",34.1218909,-92.9370338
4860,Rockpile,44.5610928,-105.5252806
4857,"Thalia Street",33.5371999,-117.7759343
4856,"Brooks Street",46.8461504,-114.0219641
4855,"Aliso Creek",33.3189396,-117.3147423
4233,"Salt Creek",38.241944,-104.584722
4849,Strands,51.5111388,-0.1194133
4848,"Doheny State Beach",33.462796,-117.6819795
4235,T-Street,38.5610314,-121.4684832
4843,"San Clemente State Beach",33.4038466,-117.6026898
4737,Cottons,43.041734,-75.7818537
4739,Middles,54.8569185,-1.6818026
4741,Church,12.2013355,79.7767356
106106,"San Onofre",9.733333,-75.533333
4237,"San Onofre State Beach",33.4038466,-117.6026898
4736,Trails,33.2164779,-100.8520424
4238,"Oceanside Harbor",33.2078136,-117.3950394
4241,"Oceanside Pier NS",33.1958696,-117.3794834
68366,"Oceanside Pier SS",33.1958696,-117.3794834
4242,Tamarack,37.8013409,-81.2174546
4775,"Terra Mar Point",33.1284921,-117.3328275
4773,Ponto,46.8728888,-94.341084
4771,Grandview,38.8858407,-94.5330096
4772,Beacons,50.3669223,-4.5177625
4770,"Moonlight Beach",33.0478787,-117.2979158
4792,"D Street",35.1233498,-77.0206743
4789,Swami's,33.0445129,-117.2838303
4790,Pipes,43.1491,0.79941
4791,"San Elijo",33.02479,-117.2192463
4786,Cardiff,51.481581,-3.17909
4787,"Seaside Reef",45.983434,-123.9137621
4783,"Del Mar",32.2848172,-96.1267382
107951,"Torrey Pines State Beach",32.9361564,-117.2614258
4245,Blacks,40.069077,-90.990486
4246,Scripps,32.7515454,-117.1605004
4812,"La Jolla Shores",32.8577055,-117.2529145
4247,Horseshoe,32.5552717,-98.5007945
4248,Windansea,33.213944,-117.293188
4249,Birdrock,30.248048,31.5204835
4803,"PB Point",31.4315755,74.936336
4250,"Pacific Beach",32.8024577,-117.2355851
4252,"Mission Beach",32.7706526,-117.2514447
4253,"Ocean Beach, SD",32.7494988,-117.2470353
4254,"Sunset Cliffs",32.726274,-117.2514447
4816,"Coronado Beach",29.0233883,-80.8867217
4814,"Tijuana Slough",32.552669,-117.1102972
8003,Martinique,14.641528,-61.024174
8006,Minutes,45.869725,4.144234
8005,Osbourne,43.7524308,-69.9857101
72738,"Fort Wilkins State Park",47.467151,-87.867493
72739,"Trails End Bay",45.7595937,-84.7969257
72740,Charlevoix,45.3180632,-85.2584004
72741,"Sleeping Bear Dunes",44.8977314,-85.9888528
72742,"Empire Beach",42.8675078,-79.1413595
72743,"Frankfort Beach",44.7055428,-86.2311706
72745,"Elberta Beach",41.428377,-82.3401611
72756,"Orchard Beach",40.8629619,-73.7926456
72757,"Manistee Pier",44.2444473,-86.324253
72759,"Ludington State Park",44.0032453,-86.4823979
72760,"Charles Mears State Park",43.7839062,-86.4383286
72761,"Silver Lake",34.0869409,-118.2702036
72762,"White Lake Channel",38.1050461,-88.0108651
72765,"Duck Lake",42.400039,-84.7822037
72766,"Pioneer Park",40.7834102,-89.6195269
72767,Muskegon,43.2341813,-86.2483921
72775,"Norton Shores",43.1689044,-86.2639461
72776,Grandhaven,43.0630734,-86.2283864
72778,"Port Sheldon",42.8994651,-86.1997692
72779,"Holland Light House",51.787686,1.1548778
72780,"Saugatuck Dunes",42.6768263,-86.2112836
72781,"Oval Beach",48.6747356,-67.9927328
72783,"South Haven North Beach",42.4657649,-86.2466397
72785,"Van Buren State Park",42.334582,-86.3005837
72787,"St. Joeseph North Beach",25.8712065,-80.1233784
72788,"St. Joeseph South Beach",37.7812356,-122.441349
72789,"Warren Dunes",41.9143611,-86.5937582
72790,"Gordon Beach",41.8280972,-86.7030811
72791,"New Buffalo",41.7939302,-86.7439154
72792,"Washington Park",42.3471092,-87.8515397
72793,"Beverly Shores",41.6925381,-86.9775319
72794,"Indiana Dunes",41.6532678,-87.0524338
72795,"Porter Beach",41.6273736,-87.1919547
72796,"Dunes Acres Beach",41.6568937,-87.080606
72797,"Ogden Dunes West Beach",41.6260867,-87.210336
72798,Whiting,41.6797578,-87.4944873
72803,"Montrose Avenue",34.2172157,-118.241931
72806,"Dempster Street",42.0409177,-87.7714862
72807,"Gilson Beach",42.0801171,-87.6885219
72808,"Tower Road",33.1824346,-103.800644
72809,"Rosewood Beach",33.6610727,-117.8009795
72810,"Lake Forest Beach",42.7623674,-86.2047951
72811,"North Avenue Beach",51.4431049,-2.4691692
72812,"Illinois State Beach",39.848064,-90.557909
72813,"North Point Beach-Winthrop Harbor",42.4789097,-87.8236841
72814,Racine,42.7261309,-87.7828523
72815,"Wind Point",42.7844636,-87.7661861
72816,"Grant Park",41.2411449,-87.6461491
72817,"McKinley Beach",43.0536552,-87.8810568
72818,"Bradford Beach",43.061393,-87.8730806
72819,"Big Whitefish Bay",43.1089625,-87.8884182
72820,"Port Washington",40.8256561,-73.6981858
72821,"Harrington Beach",39.6767016,-75.7478694
72822,"Kohler-Andrae State Park",43.66843,-87.717287
72824,"North Point/The Elbow",51.8402778,-176.0263889
72825,"Point Beach",35.1887855,-75.7759988
72826,Algoma,44.6088884,-87.4325891
72827,"Rock Island",41.5094771,-90.5787476
72828,"Garden Peninsula",10.4643636,-66.5176003
72870,Woodlawn,39.3228841,-76.7280277
72871,"Hamburg Beach",42.4386099,-83.8576728
72872,"Wendt Beach",42.6771642,-79.0461433
72873,"Bennett Beach",42.6593686,-79.0592315
72874,"Point Breeze",39.9338417,-75.1808035
72875,Evangola,42.6069444,-79.1016667
72876,"Gratiot Point",42.4936685,-79.3542104
72877,"Lake Erie State Park",42.4191203,-79.4374299
72878,Freeport,40.6576022,-73.5831835
72879,"Presque Isle State Park",42.1609399,-80.1176336
72880,"Conneaut Lighthouse Park",41.9475551,-80.5542409
72881,"Walnut Beach",41.2023193,-73.101775
72882,Saybrook,40.4267005,-88.5261711
72883,"Geneva/Chestnut Beach",46.1983922,6.1422961
72884,"Headlands Beach",39.3626881,-123.8172286
72885,"Overlook Beach Park",41.7119871,-81.3779197
72886,Metropark,34.1836381,-118.8877348
72887,"Euclid Beach",41.5810704,-81.5689268
72889,"Bay Village-Huntington Beach",41.4911544,-81.9345851
72890,"Avon Lake",41.5053178,-82.0282001
72891,"Vermilion Main Street Beach",41.4250444,-82.3662736
72892,"Nickel Plate Beach",41.3956236,-82.5446231
72893,"Cedar Point",38.2600168,-96.8197407
72894,"Marblehead Light House",41.53926,-82.761571
72895,Catawba,35.7073558,-81.0756345
72896,"Luna Pier",41.8069907,-83.442433
72897,"Toledo Beach",31.204496,-93.7260709
72898,"Sterling State Park",41.9213471,-83.3421369
72899,"Seacliffe Beach",36.9722222,-121.9138889
72900,"Point Pelee",41.962772,-82.51844
72901,Wheatley,51.746021,-1.129617
72902,Rondeau,-32.89658,-68.83823
72903,"Duttona  Beach",42.583941,-81.468178
72904,"Port Bruce",42.654511,-81.008881
72905,"Port Burwell",42.6478043,-80.8003197
72906,"Long Point (southwest beach)",27.8775256,-80.4662806
72907,"Lake Erie Beach, Port Dover",51.1278758,1.3134027
72908,Selkirk,42.5323027,-73.7984563
72909,"South Cayuga",42.873016,-79.723341
72910,"Rock Point",36.7180568,-109.6259429
72911,"Nickel Beach",-31.8557322,115.7703347
72912,"Wyldewood Beach",42.8722301,-79.1484007
72914,"Pleasant Beach",42.262323,-70.811988
72915,"Palmwood Point",30.4492051,-97.6152651
5123,"Higgins Beach",43.561816,-70.275256
5126,"Scarborough Beach Park",41.3912668,-71.4722349
5127,"Old Orchard Beach",43.5177659,-70.3772911
5125,"Gooch's Beach",43.3475862,-70.4817182
5124,"Wells Beach",43.3059194,-70.5650531
5105,Ogunquit,43.248889,-70.599167
5106,"York Beach",43.1714933,-70.608929
5129,"Long Sands",58.7338889,-158.5447222
5117,"Straw's Point",42.9928424,-70.7524053
5122,"Sawyer's Beach",42.9789981,-70.7649811
5121,"Rye on the Rocks / 5-0's",45.8581269,-79.6180915
5116,"Fox Hill",42.281751,-79.0019619
5118,"Plaice Cove",42.9470347,-70.7886632
5130,"The Wall",44.5866666,-109.6161111
5120,"The Main Beach",-27.9650379,153.4269116
5131,Hampton,37.0298687,-76.3452218
4263,Seabrook,29.5641184,-95.0254839
5114,"Nantasket Beach",42.2917663,-70.87449
5113,"Egypt Beach",42.2207694,-70.7475121
108234,"Marconi Beach",41.8917732,-69.9611306
108229,"Nauset Light Beach",41.8675804,-69.9543806
108228,"Coast Guard Beach",41.8431635,-69.9452957
108230,"Nauset Beach",41.8417747,-69.9452957
5115,"Cape Cod",41.6990958,-70.3209113
30174,Nantucket,41.2834704,-70.099451
30239,"Martha's Vineyard",41.3804981,-70.645473
5111,"First Beach",47.0122461,-104.0050728
5112,"Second Beach",47.8848714,-124.6180856
5110,"Ruggles - Newport",41.467756,-71.3094704
4266,Narragansett,41.4500844,-71.449503
5108,"Monahan's - Narragansett",41.4500844,-71.449503
5107,"Point Judith",41.3653803,-71.4867225
41373,Matunuck,41.3784352,-71.5458919
9858,"Misquamicut State Beach",41.3237112,-71.802845
5142,"Ditch Plains",41.0406577,-71.9178462
5146,Poles,53.9910047,-7.2900737
5141,"Trailer Park",43.9538484,-89.7807974
5148,Terrace,40.8558103,-93.1947257
4268,Montauk,41.0359353,-71.9545146
5147,"Main Beach",-27.9650379,153.4269116
77839,"East Hampton Beach",42.907222,-70.811944
68789,"Coopers Beach",-34.9925501,173.5081677
5140,Flys,46.277557,6.03155
5139,"The Bowl",47.8162085,-122.3699336
5149,"K Road",40.5029509,-99.43614
5138,Cupsogue,40.7714505,-72.7348381
5137,"Fire Island",40.6475997,-73.1459474
5136,"Robert Moses",43.173309,-79.0289162
5135,"Gilgo Beach",40.6184346,-73.3976229
5144,"West End",-42.4007659,173.6813563
5132,"Lido Beach",40.5889926,-73.6254072
5133,"Lincoln Blvd.",33.9933268,-118.4512227
4269,Lincoln,40.810556,-96.680278
5150,"Laurelton Blvd.",40.5884589,-73.6727573
5151,"30th - 39th Streets",42.6108571,-87.855774
4270,"Rockaway Beach (90th)",40.5870827,-73.8138691
5152,"84th Street",40.9361705,-96.0448918
5154,"Breezy Point",46.5897331,-94.2175088
5164,"Sandy Hook",40.4781616,-74.0162658
5163,Monmouth,51.8116533,-2.7163045
4276,"Monmouth Beach",40.3303883,-73.9815262
5162,"Loch Arbor and Deal",40.2522877,-74.0334379
5161,"Asbury Park",40.2203907,-74.0120817
5160,"Ocean Grove",40.2120575,-74.0065258
5159,"Bradley Beach",40.2023354,-74.0120814
5158,Avon,51.490391,-2.060668
5157,Belmar,40.1784471,-74.0218037
5156,"Spring Lake",40.1534476,-74.0281925
5155,"Sea Girt",40.1320592,-74.0345813
4278,Manasquan,40.1136928,-74.0376355
5183,Jenkinson's,40.0948341,-74.0364811
5182,"Bay Head",40.0717828,-74.0543036
6319,Mantoloking,40.0392835,-74.0498585
5181,Lavallette,39.9703958,-74.0687475
5180,"Ortley Beach",39.9556738,-74.074303
4279,"Casino Pier",39.9427222,-74.0706469
5179,"Seaside Heights",39.944285,-74.0729139
5178,"Seaside Park",39.9267852,-74.0770806
5177,"Island Beach State Park",39.8285683,-74.0920071
5176,"Hudson Avenue",42.3130619,-73.741916
4280,"Long Beach Island",39.641727,-74.1885825
5175,7-11,16.1195301,120.4014391
5174,Holyoke,42.2042586,-72.6162009
5172,"10th Street North to 14th Street North",29.9570391,30.9088562
5171,"Brigantine Jetty",39.4101171,-74.3645906
5170,Crystals,33.6000397,131.1899523
5169,"States Avenue",42.7723164,-94.0900971
5168,"South Carolina Avenue",36.2270754,-80.7074393
5167,"Ventnor Pier",50.5944677,-1.2050014
5166,"Margate Pier",51.3279569,1.4189234
5165,"32nd Street",42.472718,-85.8576286
4281,"Ocean City, NJ",39.2776156,-74.5746001
5575,"North Street to 3rd Street Jetty",43.0600638,-82.5300263
5576,"7th Street",28.9830098,-95.9477738
5577,"Sumner Avenue",46.9760686,-123.8527552
5578,"36th Street to 42nd Street",24.4684117,121.800722
5580,"Nun's Beach",-38.3422222,141.6075
5581,"2nd St. to 10th St.",29.9447613,30.8857936
5584,"Poverty Beach",46.0518278,-62.475332
5585,"Queen Street",37.9293149,-76.860169
5586,"Stockton Avenue",40.341535,-74.673707
5587,"Grant Street Beach",44.3190354,-83.6857975
5588,"Broadway Beach",26.7638149,-80.0552566
5589,"The Cove",30.7731945,-98.4618903
5192,"Naval Jetties",14.7674828,74.1511544
5191,"Gordons Pond",46.8436335,-64.0823924
5190,"Dewey Beach",38.6928899,-75.0746249
5187,"Indian River Inlet",38.6079172,-75.0676853
5189,"Bethany Beach",38.5395564,-75.0551806
5188,"Fenwick Island",38.4623346,-75.0512922
5186,"North End to Ocean City Inlet",42.3647024,-71.0542339
4406,"Ocean City, MD",38.3365032,-75.0849058
5185,Assateague,38.3073346,-75.1815682
5212,"Fishermans Island",42.1408275,-71.5558894
5211,"North End 83rd - 86th St.",13.0403218,80.2068001
106919,"North End 42nd - 46th St.",13.1129966,80.1801616
5210,"15th Street Pier",41.8044919,-83.442863
4407,"1st Street Jetty",1.4090559,103.8308248
5206,"Camp Pendleton",33.3178416,-117.3205123
5207,"Sandbridge Beach",36.7115442,-75.9296304
5242,Corolla,36.3802879,-75.8307777
5241,"Duck Pier",56.005572,-4.5869553
106914,"Eckner Street",36.084322,-75.711981
5240,"Kitty Hawk Pier",36.0646102,-75.7057346
5238,"Avalon Pier",33.3436132,-118.3250389
4408,"Kill Devil Hills",36.0307226,-75.6760101
69923,"Bath House",51.1008789,-0.8694185
5236,"Nags Head",35.9573922,-75.6240619
5237,"First Street",46.1649803,-94.6003344
95460,"Jennette's Pier",35.9100863,-75.5956256
5235,"Pea Island",40.8772246,-73.7623111
5234,"S Turns",61.1479365,-149.7368717
4410,Rodanthe,35.5935134,-75.4679358
5232,"Waves and Salvo",35.5698862,-75.4639317
5231,"Avon Pier",35.3473061,-75.5004568
5230,"Cape Hatteras Lighthouse",35.2505368,-75.5288298
5229,"Frisco Pier",37.7411119,-122.3761256
5228,Ocracoke,35.1146152,-75.9810097
5257,"Cape Lookout National Seashore",34.8757333,-76.3216979
5256,"Atlantic Beach",34.6990505,-76.7402108
106923,"Oceanana Pier",35.106238,-120.6269211
5254,"Emerald Isle",34.6779399,-76.9507762
5253,"Topsail Beach",34.3651685,-77.6305293
5252,"Surf City Pier",-38.1145155,144.6525742
5250,"C Street",37.3953533,-94.0891481
62371,"Wrightsville Beach",34.2085036,-77.7963709
5249,"Crystal Pier",39.2283224,-120.0093124
5247,"Carolina Beach",34.0351726,-77.8935966
5246,"Kure Beach",33.9968399,-77.9072081
5245,"Fort Fisher",33.9717513,-77.9175992
5243,"Oak Island",44.5122805,-64.2949465
5244,"South Brunswick Beaches",33.899919,-78.4569439
72312,"Ocean Isle",33.908897,-78.4353299
5280,"Cherry Grove",40.6589884,-73.0890007
5279,"Myrtle Beach",33.6890603,-78.8866943
5281,"North End",42.3647024,-71.0542339
5283,"South Litchfield",44.1757736,-69.8217279
5284,"The Pier",42.9450039,-76.429333
5301,"South Jetty",50.8808582,4.3227894
5285,"The South End",53.2229304,0.2980204
5286,"North Island",64.963051,-19.020835
5287,"South Island",64.2661426,-18.8158138
5288,"Cape Romain",33.006836,-79.3595031
5289,"Bull Island",65.1708333,-152.1661111
5277,"Dewees Island",32.8373223,-79.7147468
5290,"Wild Dunes",32.8108102,-79.7315747
5293,"The Washout",46.4116147,-119.9901901
5295,"10th Street",38.3613638,-98.7718347
5294,"Folly Beach Pier Southside",32.6551798,-79.9403673
4415,"Folly Beach Pier Northside",32.6551798,-79.9403673
5296,"Kiawah Island/Seabrook Island",32.5882385,-80.1634296
5297,"Edisto Beach",32.4793551,-80.3348229
5298,"Hunting Island",32.3585481,-80.4521216
5299,"Fripp Island",32.317001,-80.4966062
5300,"Hilton Head Island",32.216316,-80.752608
5276,"Sugar Shack",37.5831684,-81.5370499
5275,"Tybee Island Pier",32.0002152,-80.845666
5274,"18th St. Jetty",-33.3640128,151.4944614
5272,"Little Tybee Island",31.975216,-80.8914989
5271,"Wassau Island/North End",32.2774694,-80.9243279
5270,"Wassau Island/South End",32.2774694,-80.9243279
5269,"Ossabaw Island",31.7615309,-81.1085744
5268,"St. Catherine's Island",51.6704841,-4.6916687
5267,"Blackbeard Island",31.5160566,-81.195928
5266,"Cabretta Island",31.4341138,-81.2406497
5265,"Sapelo Island",31.4774455,-81.2417611
5264,"Wolf Island",36.7392236,-89.2103471
5263,"Litttle St. Simons Island",31.2706715,-81.3014284
5260,"Sea Island",31.2017278,-81.3316903
5262,"St. Simons Island",31.1595905,-81.3885517
5259,"Jekyll Island",31.0685662,-81.4134297
5258,"Cumberland Island",30.8532764,-81.4388858
5323,"Ft. Clinch State Park",30.6676687,-81.434269
5322,"Main Beach",-27.9650379,153.4269116
5324,"Amelia Pier",46.1442128,-60.1979079
5321,"Talbot Island",30.4827391,-81.4409217
5318,"Mayport Poles",30.3923949,-81.4299586
5317,"18th Street",43.4226191,-95.1177917
5316,"Atlantic Beach",34.6990505,-76.7402108
5315,"Jacksonville Beach Pier",30.2841224,-81.3961338
5314,Sawgrass,30.1927427,-81.3706368
5312,Crossroads,33.2318281,-97.0022908
5313,"Gate Station",36.13716,-115.15294
5311,Vilano,52.6041052,23.0200198
5310,Blowholes,-35.1187195,117.9288554
5309,Middles,54.8569185,-1.6818026
90680,"St Augustine Pier",53.3003612,-6.1421284
4418,"A-St, St Augustine",29.894722,-81.314444
5304,"Crescent Beach",42.5982689,-77.1438309
61837,"Flagler Beach Pier",29.4749754,-81.1270035
5333,"Ormond Beach",29.2858129,-81.0558894
5331,"Main Street Pier",41.436897,-71.5015602
5332,"Daytona Beach",29.2108147,-81.0228331
5329,"Ponce Inlet",29.0963729,-80.9369983
4420,"New Smyrna Beach",29.0258191,-80.9269984
5327,"Flagler Avenue",29.038567,-80.9007897
5326,"Bethune Beach",28.941441,-80.844768
5340,Playalinda,30.3113892,-86.0884219
5341,"Kennedy Space Center",28.5728722,-80.6489808
5339,"Jetty Park",28.4070779,-80.5924449
4421,"Cocoa Beach Pier",28.3200067,-80.6075513
5344,"Lori Wilson Park",28.3365435,-80.6084072
5359,"The Streets",54.5196065,-1.9408646
5356,"Picnic Tables",28.2666061,-80.6056434
5361,"2nd Light",21.1492468,72.836039
5362,Hangers,50.9675056,-1.1958315
5357,Perkins,40.7922353,-101.4339148
5358,RC's,43.7683258,-87.7270716
40569,"Satellite Beach",28.1761233,-80.5900519
5355,"The Radisson",45.7644941,4.2799467
4422,Indialantic,28.0894599,-80.5656079
17513,"Melbourne Beach",28.0683496,-80.5603303
5351,"Spessard Holland",27.8714363,-81.8285311
5363,"Bonsteel Park",27.9014809,-80.4708436
5338,"Spanish House",32.8144657,-96.7683173
5336,"Sebastian Inlet",27.860302,-80.4472737
5346,Wabasso,27.7483622,-80.4361629
5345,Riomar,11.0285346,-74.8214693
5347,"P.V. Martin's",15.487079,73.8127908
5335,"Ft. Pierce Inlet",27.4727372,-80.2857895
4425,"Jensen Beach",27.2544906,-80.2297697
5608,"Stuart Public Beach",36.6924854,-75.9734938
5384,Fletcher's,36.1807141,-76.1490955
5606,"Hobe Sound Public Beach",27.059498,-80.1364323
5382,"Blowing Rocks",26.9801073,-80.0842777
5381,"Coral Cove Park",26.9632902,-80.0788105
5610,"Jupiter Inlet",26.9443142,-80.0723599
5602,"Civic Center",22.541605,114.061028
5396,Corners,36.589661,-88.9168724
5603,"Kite Beach",25.1642072,55.2079672
5600,"Ocean Reef Park",32.8280236,-96.6320698
5596,Pumphouse,35.8079197,-118.6213262
5398,"Peanut Island",26.7732826,-80.0472053
5397,"The Cove",30.7731945,-98.4618903
4428,"Reef Road",41.13415,-73.2512735
5597,Sunrise,26.1669711,-80.256595
5598,Breakers,33.8876155,-78.4354198
5615,Flagpole,40.5224232,-79.8839656
5380,"Palm Beach",26.7056206,-80.0364297
5604,"Lake Worth Pier",26.6128188,-80.0368621
5378,"Lantana Public Beach",36.7760503,-76.1173778
5605,"Boynton Beach Inlet (Southside)",26.5317866,-80.0905465
5395,"Boynton Beach Inlet (Northside)",26.5317866,-80.0905465
5609,"Blind Creek Park",44.3840823,-109.6879422
5364,"Walton Rocks",27.3408591,-80.2369628
5376,"Delray Beach",26.4614625,-80.0728201
5375,"Atlantic Dunes Park",26.4420229,-80.0608266
5399,"Japanese Rock",34.1466585,-118.1411832
5394,"Red Reef Park",26.3852819,-80.0675123
4431,"Boca Raton Inlet",26.3359116,-80.0711537
4432,"Deerfield Beach",26.3184123,-80.0997657
5393,"Hillsboro Beach",26.2939687,-80.0789318
5391,"Hillsboro Inlet",26.2595292,-80.0824766
5372,"2nd Street",41.6823902,-91.5971285
5371,"Commercial Pier",51.7033561,-8.5198219
5370,Spoils,43.13259,-78.138513
5369,"John Lloyd State Park",26.0679343,-80.1125855
5367,"Dania Pier",56.1611714,10.2179853
5368,"Franklin Street",43.7794686,-73.0576705
5365,"30th Street",36.8578291,-75.9809131
5387,"21st Street",45.5099112,-91.8169822
5386,"5th Street",45.4927084,-92.0550546
5366,"South Beach",27.5897323,-80.3331127
5390,"85th Street",27.7487325,-80.4884846
91036,"Honeymoon Island",47.937961,-91.9793109
5436,880,23.5661218,119.5861581
5437,"Pier 60",27.9772289,-82.8281586
5438,"Sand Key",28.7838711,-82.7467693
5439,Belleair,27.9358543,-82.8062139
5440,"Indian Rocks Beach",27.8960019,-82.846561
5443,"Middle Jetty",56.0221016,-3.4470494
5444,"Sunset Beach",33.880728,-78.512231
5446,"Holmes Beach Pier",27.5329704,-82.7320128
5449,"Whitney Beach",27.429763,-82.6803773
5451,Coolidge,32.977839,-111.517624
5450,"Lido Beach",40.5889926,-73.6254072
5452,"Siesta Key",27.2669722,-82.546344
5453,"Stickney Point",27.2508826,-82.5373199
5454,Turtles,-24.868906,152.337189
5455,"Venice Jetties (North)",27.112771,-82.467756
5456,"Venice Jetties (South)",27.112771,-82.467756
5457,"Venice Pier",51.52121,-0.183537
5460,Englewood,39.6477653,-104.9877597
5461,"Knight's Point",45.1670194,-67.2363801
5459,"Gasparilla Point",27.3200931,-80.3364129
5462,"Boca Grande",26.7489586,-82.262039
5463,"Redfish Pass",26.5534104,-82.1984281
5464,"Tween Waters",28.6555755,-81.7841056
5465,"Blind Pass",27.2170138,-82.5153704
5466,"The Wall",44.5866666,-109.6161111
5467,"Doctor's Pass",26.173979,-81.8136995
5469,"Naples Pier",26.131581,-81.8074427
5435,Bungalows,32.5160654,-117.0011517
5434,"First Parking Lot",41.5010583,-73.9766839
5433,"Sandy Key",25.0365173,-81.0136853
5432,"Johnson's Beach",30.3024231,-87.4127546
5431,"Pickens Point",35.0467579,-90.7187208
5429,Slabs,50.9735741,-1.5875799
5428,"Pensacola Pier",30.3710332,-87.1745664
5426,"Navarre Pier",30.0160706,-90.1353596
5425,"Navarre Beach",30.3819528,-86.8623721
5424,"Blue Horizon Motel",36.1625751,120.417668
5423,"Dead Man's",45.6428139,-70.3379948
5422,"Okaloosa Pier",30.3953401,-86.5929142
5421,"NCO Club",42.883364,-85.692817
5417,"Jetty East",30.38289,-86.5013695
5419,"Two By Fours",48.9187924,-0.2136049
5420,"The Pumphouse",35.8079197,-118.6213262
5616,"El Governor",13.6502979,16.4967763
5415,"Whale's Tail",37.7665956,-122.288025
5414,"The Back Porch",34.8610587,-77.1897709
5618,"Toilet Bowls",21.2699456,-157.6905197
5413,Seascape,33.520038,-117.6866287
5412,"Pompano Joe's",26.2599637,-80.2638146
5411,"Blue Mountain Beach",30.3366159,-86.1974821
5410,"Grayton Beach",30.329817,-86.1650389
5405,"Panama City Pier",30.2216305,-85.8729176
5407,"Wood pier",50.7575897,-1.2618359
4434,"Panama City Beach",30.1765914,-85.8054879
5406,Spinnaker,39.1998472,-94.6656291
5404,"St. Andrew's Park",46.8290376,-121.8645943
5402,"Shell Island",52.8191037,-4.142704
5401,D.J.'s,-25.2529539,-64.7162415
5400,"Mexico Beach",29.9479833,-85.4179766
5617,"Cape San Blas",29.6635469,-85.3554745
5619,"St. George Island",56.5888398,-169.6145849
5620,"Dog Island",29.80344,-84.6034271
5753,"St. Joe's Island",44.5740108,-63.5580426
5755,"Horace Caldwell Pier",27.8278753,-97.0530161
5754,"Fish Pass",52.0334638,-1.8320044
5757,"Bob Hall Pier",27.5822822,-97.2194614
5773,"Port Mansfield",26.5547882,-97.4249807
68425,"South Padre Island",26.1118401,-97.1681257
5771,"Boca Chica",18.4529352,-69.6065612
10831,"Mana Point",22.0308333,-159.7905556
10830,Polihale,21.2722885,-157.7014681
5522,"Hanalei Bay",22.2090776,-159.5067583
5524,"Anahola Bay",22.1508056,-159.3011632
5527,Pakala,13.4505232,79.1164797
5526,"Poipu Outer Reef",21.8870198,-159.4566317
13826,"Kamalino, Niihau",21.8375,-160.2336111
10832,"Turtle Bay West",40.7540369,-73.9668408
59599,"Turtle Bay East",40.7540369,-73.9668408
4746,Sunset,46.5142503,-86.0847446
4748,"Rocky Point",31.3268218,-113.5311843
4749,"Gas Chambers",40.4882368,-85.608546
4750,Pipeline,33.1106907,-104.1354607
4751,Backdoor,40.5959701,-111.5969586
4752,Off-The-Wall,33.527079,-86.732841
4753,Rockpile,44.5610928,-105.5252806
4754,"Log Cabins",39.4937449,-82.466799
4755,"Waimea Bay",21.6415052,-158.0671269
4756,Chun's,39.944459,116.384751
4757,Jocko's,46.787913,-64.0867627
4758,Hultin's,57.3543207,12.4768375
4759,Laniakea,19.6388889,-155.9955556
10834,Haleiwa,21.5927614,-158.1034112
49940,"Pua'ena Point",21.2813819,-157.8279859
10835,Mokuleia,21.576681,-158.2065642
5539,"Kaena Point",19.8683333,-155.0958333
10844,"Yokohama Bay",21.5577778,-158.2525
10845,Makaha,21.470556,-158.214167
5529,"Black Point",24.081843,-76.396467
4760,"Diamond Head",21.2598432,-157.8117086
5530,Publics,44.5627183,4.7519325
5531,Queen's,40.75,-73.866667
55536,"Waikiki Beach",21.2763795,-157.8278237
5532,Canoes,42.651183,2.835096
5533,Populars,50.63948,5.68025
5534,Three's,-34.351501,18.8360029
5535,Four's,46.817548,3.718992
4761,"South Shore",41.7652778,-87.5658333
5536,Kaiser's,47.215922,10.3002348
5537,Rockpile,44.5610928,-105.5252806
5538,"Ala Moana",21.2918523,-157.8435654
28417,"Sand Island",21.3064413,-157.8778435
10848,"Ewa Beach",21.315556,-158.007222
10847,"Barbers Point",41.0491661,-85.0245506
10841,Kahuku,21.6802778,-157.9511111
10840,"Crouching Lion",21.5613889,-157.8666667
10838,"Popoia Island Kailua",21.3997051,-157.7204298
5540,Makapu'u,35.3130085,139.5353879
10837,"Sandy Beach",43.056389,-78.9599999
10814,"Honolua Bay",21.0139323,-156.6383817
10815,"Honokohau Bay",21.0232372,-156.6113195
10816,"Kahului Harbor",20.8988039,-156.466878
10813,Kanaha,21.1175,-156.7391667
10817,Ho'okipa,20.9336578,-156.3574037
108155,"Tavares Bay, Maui",20.7983626,-156.3319253
10819,"Honomanu Bay",20.8661111,-156.1680556
10820,"Hana Bay",20.7596957,-155.9824196
10812,Rainbows,53.5159975,-2.3318667
5528,"Lahaina Harbor - Breakwall",20.8783333,-156.6825
10809,Olowalu,20.7946941,-156.5968072
7443,"Ma'alaea Harbor",20.7910965,-156.5116185
10810,"The Cove",30.7731945,-98.4618903
5521,Dumps,70.1131325,-143.6218458
10811,"La Perouse Bay",20.5979905,-156.4204539
4763,Kawaihae,20.0352881,-155.8281882
10824,"Hapuna Bay",19.9938296,-155.8285685
10823,Pinetrees,51.8826509,-2.0611444
4762,Banyans,-20.5833333,166.2666667
10825,Magics,51.194322,-3.123192
13830,"Kahalu'u Bay",19.5833333,-155.9711111
13827,Kolekole,20.7105556,-156.2591667
10822,Honoli'i,19.7580995,-155.0909585
13828,Pohoiki,19.4608333,-154.8469444
10826,"South Point",38.4178597,-82.5862699
10857,"Manele Bay",20.7434703,-156.8968605
10858,"Lopa Beach",20.8055556,-156.8119443
10860,Pohakuloa,20.8013889,-156.5505556
10851,"Halawa Bay",21.1629709,-156.7322683
10854,Kalaupapa,21.1893014,-156.9818053
10853,Kawa,17.0885228,96.4596676
10855,"Kepuhi Bay",21.1911111,-157.2522222
10856,"Halena Beach",21.0916667,-157.2333333
10852,"Kaunakakai (The Wharf)",21.0825399,-157.0273698
58604,"San Antonio Del Mar - 1",-33.6176862,-71.622643
14160,"Baja Malibu",32.417678,-117.095221
58605,"Marisol North Point",27.2970239,-80.2954897
58606,Marisol,33.6080145,-117.8233326
6090,"Rosarito Beach",32.342222,-117.056111
58607,Renes,52.08501,5.49283
58777,Alfonsos,41.7175049,0.1187037
58779,Calafia,32.4815918,-116.8586497
58781,"El Morro Point (K37.5)",27.3060921,-80.3000983
58782,K-38,-18.654241,-64.1319977
58783,K-40,28.9297914,48.186671
58784,"Rancho Santini",32.5118832,-116.8798636
58785,"Las Gaviotas",34.4044801,-119.7460138
58787,"Primo Tapia",32.2235589,-116.9168091
58788,Rauls,43.2061179,-89.5762469
58790,Dunes,42.7011235,-73.8624893
58791,"Halfway House",35.58972,-118.95944
58792,"Campo Lopez (K-55)",37.6186975,-1.5776447
58794,"K-55 1/2",32.4572608,-91.484617
58795,Alisitos,32.1333389,-116.8829363
58796,"La Fonda",31.5730475,-106.2537067
58797,"La Mision",-40.5631416,-73.1660536
58798,"La Salina",6.13056,-72.3378
58800,"El Paso",31.7775757,-106.4424559
6089,Salsipuedes,-31.1499996,-64.3166809
6088,"San Miguel",32.715738,-117.1610838
58836,3Ms,35.1948458,136.9334108
58839,"California Trailer Park",33.7631885,-117.4901809
58840,"Ensenada Beaches",26.345078,-80.185166
58842,"Boca De Santo Tomas",28.443861,-16.297114
58844,"Lighthouse (Punta San Jose)",37.3382082,-121.8863286
58845,"Punta Cabras",32.5063287,-116.9178643
58847,K-181,18.378854,-66.0244867
58849,"San Antonio Del Mar - 2",-33.6177169,-71.6226499
58850,"Cabo Colonet",31.8926565,-116.5661851
6920,Bamburgh,55.607884,-1.713559
50526,"Beadnell Bay",55.539095,-1.6257724
6919,"Embleton Bay",55.5003526,-1.6069502
6918,Alnmouth,55.386945,-1.611864
50527,"Blyth Beach",-35.1375518,138.4874309
50528,"Whitley Bay",55.046389,-1.4512989
50529,"Tynemouth - Longsands",55.0278955,-1.4273498
50530,"South Shields",54.999424,-1.427406
50531,"Seaton Carew",54.6607742,-1.1935112
50533,Redcar,54.5974636,-1.0779515
6915,Saltburn,57.699452,-4.141634
6917,Sandsend,54.503006,-0.671239
50534,"Whitby Beach",43.855299,-78.9541824
6921,Lynmouth,51.2312349,-3.8312548
50731,Coombesgate,-38.3116489,144.2908941
50732,"Woolacombe Bay",51.1737916,-4.2093881
6922,Putsborough,51.1405987,-4.2190569
13429,Saunton,51.1174168,-4.2056355
6923,Croyde,51.129983,-4.224413
50766,"Westward Ho",51.038862,-4.238105
50767,Sandymouth,50.8660692,-4.5374822
6924,Bude,50.826636,-4.543678
50861,"Widemouth Bay",50.789892,-4.55447
50862,"Crackington Haven",50.7408519,-4.63327
50863,"Trebarwith Strand",50.640987,-4.750873
50864,Polzeath,50.573134,-4.915697
50865,Trevone,50.541875,-4.974011
50866,Harlyn,50.538576,-4.996497
50867,Constantine,36.35,6.6
50868,Treyarnon,50.524289,-5.016473
50870,"Mawgan Porth",50.465351,-5.030466
6925,"Watergate Bay",50.4428738,-5.0552917
50871,Whipsiderry,50.4258696,-5.0534984
50872,Porth,51.613554,-3.407184
50873,"Lusty Gaze",50.4214737,-5.0639827
6926,"Fistral Beach",50.4203542,-5.0970587
50912,Crantock,50.400415,-5.110212
50914,"Holywell Bay",50.387523,-5.141777
50916,"Perran Sands",50.3587621,-5.1433131
6907,Perranporth,50.344434,-5.154444
6908,"Trevaunance Cove",50.3150264,-5.206478
50917,"Chaple Porth",51.6347507,-3.4176987
6909,Porthtowan,50.28,-5.240763
50918,Portreath,50.260642,-5.288665
6910,Godrevy,50.24339,-5.345431
6911,Porthmeor,50.179504,-5.59725
50919,Gwenvor,50.730805,-4.5765571
6912,Sennen,50.071338,-5.69498
6913,"Praa Sands",50.104548,-5.3856
6914,"Porthleven, Cornwall",50.085305,-5.315853
50920,Swanpool,-36.742859,145.9999639
50921,Falmouth,50.152571,-5.06627
50962,Wembury,50.320698,-4.077269
50963,Challaborough,50.2896829,-3.89429
50964,Bantham,50.278039,-3.868563
21417,"Kimmeridge Bay",50.610195,-2.1349918
25578,"Whitsand Bay",50.346776,-4.2875679
6947,"Hells Mouth",52.826908,-4.596655
6948,"Freshwater West",51.6600922,-5.0651168
6949,Llangennith,51.600446,-4.271032
6950,"Langland Bay",51.5654575,-4.0096252
6946,Aberavon,51.6034701,-3.8045237
49632,"Anse du Brick",49.6696579,-1.4847838
49633,Collignon,50.8692045,4.3760057
49634,Biville,49.613674,-1.822043
49635,Siouville,49.5507993,-1.8214255
49636,Dielette,49.5548885,-1.8548128
49637,Sciotot,49.50182,-1.844615
49638,"Le Rozel",49.485138,-1.828121
49640,Baubigny,46.969715,4.68394
49641,"Le Sillon",48.2829489,-4.5074383
49649,Trestraou,48.8142678,-3.4606504
49650,Locquirec,48.692623,-3.645083
49651,Dossen,46.6451036,8.1623494
49653,Kerlouan,48.645178,-4.365641
49654,Penfoul,48.5298371,-4.7472873
49655,"Le Gouerou",48.452259,-4.76914
49656,"Les Blancs Sablons",47.111202,2.401004
26881,"Ricks Reef",29.9825268,-90.2120706
26883,"Point Perfection",35.2785693,-81.0517333
26885,Ylig,13.38288,144.762405
